{"RuleTriggered": 0, "Violations": 321, "Details": {"low_gpu_utilization": 1112, "bottlenecks": {"1681512736.000262": {"GPUs": 1, "CPUs": 2}, "1681512736.500324": {"GPUs": 1, "CPUs": 3}, "1681512737.000288": {"GPUs": 1, "CPUs": 2}, "1681512737.500263": {"GPUs": 1, "CPUs": 2}, "1681512738.000294": {"GPUs": 1, "CPUs": 1}, "1681512739.005589": {"GPUs": 1, "CPUs": 4}, "1681512739.50158": {"GPUs": 1, "CPUs": 4}, "1681512740.000703": {"GPUs": 1, "CPUs": 4}, "1681512740.501189": {"GPUs": 1, "CPUs": 2}, "1681512741.00158": {"GPUs": 1, "CPUs": 3}, "1681512741.500273": {"GPUs": 1, "CPUs": 3}, "1681512742.000265": {"GPUs": 1, "CPUs": 3}, "1681512742.508597": {"GPUs": 1, "CPUs": 4}, "1681512743.000274": {"GPUs": 1, "CPUs": 4}, "1681512743.500662": {"GPUs": 1, "CPUs": 4}, "1681512744.000996": {"GPUs": 1, "CPUs": 4}, "1681512745.000282": {"GPUs": 1, "CPUs": 1}, "1681512746.500262": {"GPUs": 1, "CPUs": 1}, "1681512749.007061": {"GPUs": 1, "CPUs": 1}, "1681512749.502826": {"GPUs": 1, "CPUs": 4}, "1681512750.00068": {"GPUs": 1, "CPUs": 4}, "1681512750.500869": {"GPUs": 1, "CPUs": 3}, "1681512752.500258": {"GPUs": 1, "CPUs": 1}, "1681512753.000284": {"GPUs": 1, "CPUs": 2}, "1681512758.500292": {"GPUs": 1, "CPUs": 1}, "1681512759.500311": {"GPUs": 1, "CPUs": 1}, "1681512769.500273": {"GPUs": 1, "CPUs": 1}, "1681512770.001155": {"GPUs": 1, "CPUs": 1}, "1681512781.502464": {"GPUs": 1, "CPUs": 1}, "1681512782.001625": {"GPUs": 1, "CPUs": 1}, "1681512783.000278": {"GPUs": 1, "CPUs": 1}, "1681512853.001127": {"GPUs": 1, "CPUs": 1}, "1681512861.000269": {"GPUs": 1, "CPUs": 1}, "1681512862.000266": {"GPUs": 1, "CPUs": 1}, "1681512866.000272": {"GPUs": 1, "CPUs": 1}, "1681512867.000279": {"GPUs": 1, "CPUs": 1}, "1681512870.500263": {"GPUs": 1, "CPUs": 1}, "1681512871.000268": {"GPUs": 1, "CPUs": 1}, "1681512875.500273": {"GPUs": 1, "CPUs": 1}, "1681512876.000277": {"GPUs": 1, "CPUs": 1}, "1681512876.500278": {"GPUs": 1, "CPUs": 1}, "1681512877.000272": {"GPUs": 1, "CPUs": 1}, "1681512877.500228": {"GPUs": 1, "CPUs": 1}, "1681512879.500269": {"GPUs": 1, "CPUs": 1}, "1681512884.000271": {"GPUs": 1, "CPUs": 1}, "1681512884.500248": {"GPUs": 1, "CPUs": 1}, "1681512886.001135": {"GPUs": 1, "CPUs": 1}, "1681512887.000282": {"GPUs": 1, "CPUs": 1}, "1681512888.000275": {"GPUs": 1, "CPUs": 1}, "1681512888.500264": {"GPUs": 1, "CPUs": 1}, "1681512891.500264": {"GPUs": 1, "CPUs": 1}, "1681512893.000639": {"GPUs": 1, "CPUs": 1}, "1681512907.500277": {"GPUs": 1, "CPUs": 1}, "1681512962.501112": {"GPUs": 1, "CPUs": 1}, "1681512963.500301": {"GPUs": 1, "CPUs": 1}, "1681512964.000308": {"GPUs": 1, "CPUs": 1}, "1681512988.000269": {"GPUs": 1, "CPUs": 1}, "1681512996.00027": {"GPUs": 1, "CPUs": 1}, "1681512997.000282": {"GPUs": 1, "CPUs": 1}, "1681513022.000291": {"GPUs": 1, "CPUs": 1}, "1681513029.500274": {"GPUs": 1, "CPUs": 1}, "1681513032.000262": {"GPUs": 1, "CPUs": 1}, "1681513033.000269": {"GPUs": 1, "CPUs": 1}, "1681513033.500277": {"GPUs": 1, "CPUs": 1}, "1681513034.000259": {"GPUs": 1, "CPUs": 1}, "1681513034.500276": {"GPUs": 1, "CPUs": 1}, "1681513035.500302": {"GPUs": 1, "CPUs": 1}, "1681513036.500294": {"GPUs": 1, "CPUs": 1}, "1681513037.000406": {"GPUs": 1, "CPUs": 1}, "1681513037.500274": {"GPUs": 1, "CPUs": 1}, "1681513038.500275": {"GPUs": 1, "CPUs": 1}, "1681513039.000562": {"GPUs": 1, "CPUs": 1}, "1681513049.50026": {"GPUs": 1, "CPUs": 1}, "1681513050.000282": {"GPUs": 1, "CPUs": 1}, "1681513051.500291": {"GPUs": 1, "CPUs": 1}, "1681513055.000289": {"GPUs": 1, "CPUs": 1}, "1681513056.500299": {"GPUs": 1, "CPUs": 1}, "1681513060.00027": {"GPUs": 1, "CPUs": 1}, "1681513060.500302": {"GPUs": 1, "CPUs": 1}, "1681513061.000281": {"GPUs": 1, "CPUs": 1}, "1681513064.00031": {"GPUs": 1, "CPUs": 1}, "1681513064.500306": {"GPUs": 1, "CPUs": 1}, "1681513065.500287": {"GPUs": 1, "CPUs": 3}, "1681513068.500253": {"GPUs": 1, "CPUs": 1}, "1681513069.000312": {"GPUs": 1, "CPUs": 1}, "1681513070.50026": {"GPUs": 1, "CPUs": 1}, "1681513074.004606": {"GPUs": 1, "CPUs": 1}, "1681513074.500297": {"GPUs": 1, "CPUs": 1}, "1681513077.500287": {"GPUs": 1, "CPUs": 1}, "1681513078.000303": {"GPUs": 1, "CPUs": 1}, "1681513081.000284": {"GPUs": 1, "CPUs": 1}, "1681513081.500283": {"GPUs": 1, "CPUs": 1}, "1681513086.000265": {"GPUs": 1, "CPUs": 1}, "1681513096.000293": {"GPUs": 1, "CPUs": 1}, "1681513096.500289": {"GPUs": 1, "CPUs": 1}, "1681513098.500294": {"GPUs": 1, "CPUs": 1}, "1681513099.500268": {"GPUs": 1, "CPUs": 1}, "1681513100.500291": {"GPUs": 1, "CPUs": 1}, "1681513101.000265": {"GPUs": 1, "CPUs": 1}, "1681513101.500265": {"GPUs": 1, "CPUs": 1}, "1681513102.000288": {"GPUs": 1, "CPUs": 1}, "1681513102.500268": {"GPUs": 1, "CPUs": 1}, "1681513103.000258": {"GPUs": 1, "CPUs": 1}, "1681513104.000268": {"GPUs": 1, "CPUs": 1}, "1681513104.500258": {"GPUs": 1, "CPUs": 1}, "1681513105.000282": {"GPUs": 1, "CPUs": 1}, "1681513108.000271": {"GPUs": 1, "CPUs": 1}, "1681513108.50028": {"GPUs": 1, "CPUs": 1}, "1681513109.500262": {"GPUs": 1, "CPUs": 1}, "1681513110.500283": {"GPUs": 1, "CPUs": 1}, "1681513111.000268": {"GPUs": 1, "CPUs": 1}, "1681513112.500258": {"GPUs": 1, "CPUs": 1}, "1681513113.000305": {"GPUs": 1, "CPUs": 1}, "1681513113.50027": {"GPUs": 1, "CPUs": 1}, "1681513114.000305": {"GPUs": 1, "CPUs": 1}, "1681513114.500266": {"GPUs": 1, "CPUs": 1}, "1681513115.000271": {"GPUs": 1, "CPUs": 1}, "1681513117.000287": {"GPUs": 1, "CPUs": 1}, "1681513118.000254": {"GPUs": 1, "CPUs": 1}, "1681513119.001014": {"GPUs": 1, "CPUs": 1}, "1681513120.000309": {"GPUs": 1, "CPUs": 1}, "1681513121.000281": {"GPUs": 1, "CPUs": 1}, "1681513122.000264": {"GPUs": 1, "CPUs": 1}, "1681513124.000271": {"GPUs": 1, "CPUs": 1}, "1681513125.000257": {"GPUs": 1, "CPUs": 1}, "1681513126.000265": {"GPUs": 1, "CPUs": 1}, "1681513127.000277": {"GPUs": 1, "CPUs": 1}, "1681513128.000288": {"GPUs": 1, "CPUs": 1}, "1681513128.500264": {"GPUs": 1, "CPUs": 1}, "1681513129.000269": {"GPUs": 1, "CPUs": 1}, "1681513129.500323": {"GPUs": 1, "CPUs": 1}, "1681513131.000275": {"GPUs": 1, "CPUs": 1}, "1681513132.000269": {"GPUs": 1, "CPUs": 1}, "1681513134.000294": {"GPUs": 1, "CPUs": 1}, "1681513134.500282": {"GPUs": 1, "CPUs": 1}, "1681513135.500267": {"GPUs": 1, "CPUs": 1}, "1681513136.500273": {"GPUs": 1, "CPUs": 1}, "1681513137.500305": {"GPUs": 1, "CPUs": 1}, "1681513139.500278": {"GPUs": 1, "CPUs": 1}, "1681513140.500277": {"GPUs": 1, "CPUs": 1}, "1681513142.000654": {"GPUs": 1, "CPUs": 2}, "1681513142.502825": {"GPUs": 1, "CPUs": 1}, "1681513143.001019": {"GPUs": 1, "CPUs": 1}, "1681513144.000256": {"GPUs": 1, "CPUs": 1}, "1681513145.000254": {"GPUs": 1, "CPUs": 1}, "1681513147.500285": {"GPUs": 1, "CPUs": 1}, "1681513148.000276": {"GPUs": 1, "CPUs": 1}, "1681513148.500264": {"GPUs": 1, "CPUs": 1}, "1681513149.000268": {"GPUs": 1, "CPUs": 1}, "1681513150.000266": {"GPUs": 1, "CPUs": 1}, "1681513150.500292": {"GPUs": 1, "CPUs": 1}, "1681513151.500302": {"GPUs": 1, "CPUs": 1}, "1681513152.00028": {"GPUs": 1, "CPUs": 1}, "1681513153.000268": {"GPUs": 1, "CPUs": 1}, "1681513154.00028": {"GPUs": 1, "CPUs": 1}, "1681513154.500279": {"GPUs": 1, "CPUs": 1}, "1681513155.000329": {"GPUs": 1, "CPUs": 1}, "1681513155.500269": {"GPUs": 1, "CPUs": 1}, "1681513156.500296": {"GPUs": 1, "CPUs": 1}, "1681513158.500279": {"GPUs": 1, "CPUs": 1}, "1681513160.500297": {"GPUs": 1, "CPUs": 1}, "1681513161.000267": {"GPUs": 1, "CPUs": 1}, "1681513162.000305": {"GPUs": 1, "CPUs": 1}, "1681513162.500265": {"GPUs": 1, "CPUs": 1}, "1681513163.500253": {"GPUs": 1, "CPUs": 1}, "1681513164.500279": {"GPUs": 1, "CPUs": 1}, "1681513166.000262": {"GPUs": 1, "CPUs": 1}, "1681513166.50066": {"GPUs": 1, "CPUs": 1}, "1681513167.500479": {"GPUs": 1, "CPUs": 1}, "1681513169.000261": {"GPUs": 1, "CPUs": 1}, "1681513171.500287": {"GPUs": 1, "CPUs": 1}, "1681513172.500267": {"GPUs": 1, "CPUs": 1}, "1681513173.500274": {"GPUs": 1, "CPUs": 1}, "1681513175.000268": {"GPUs": 1, "CPUs": 1}, "1681513176.000273": {"GPUs": 1, "CPUs": 1}, "1681513177.000273": {"GPUs": 1,