{"RuleTriggered": 0, "Violations": 0, "Details": {"pin_memory": false, "num_workers": 0, "cores": 4, "dataloaders": 1, "dataloading_time": {"p25": 1.0065564999999999, "p50": 1.07516, "p95": 1.5822477499999994, "probs": [1, 0, 0, 0, 0, 0, 0, 1, 0, 0, 0, 0, 0, 0, 0, 0, 0, 0, 0, 1, 0, 1, 1, 0, 0, 0, 0, 0, 0, 0, 0, 1, 0, 0, 0, 0, 0, 1, 0, 0, 1, 0, 0, 0, 0, 0, 0, 1, 0, 0, 0, 0, 0, 0, 0, 0, 0, 0, 0, 0, 0, 0, 0, 0, 0, 0, 0, 0, 0, 0, 0, 0, 0, 0, 0, 0, 0, 0, 0, 0, 0, 0, 0, 0, 0, 0, 0, 0, 0, 0, 0, 0, 0, 0, 0, 0, 0, 0, 0, 1], "binedges": [0.796272, 0.80658635, 0.8169007, 0.82721505, 0.8375294, 0.84784375, 0.8581581, 0.86847245, 0.8787868, 0.88910115, 0.8994155, 0.90972985, 0.9200442, 0.93035855, 0.9406729, 0.9509872500000001, 0.9613016, 0.97161595, 0.9819303, 0.99224465, 1.002559, 1.01287335, 1.0231877, 1.03350205, 1.0438164, 1.0541307500000001, 1.0644451, 1.07475945, 1.0850738, 1.09538815, 1.1057025, 1.11601685, 1.1263312, 1.1366455500000001, 1.1469599000000001, 1.15727425, 1.1675886, 1.17790295, 1.1882173, 1.19853165, 1.208846, 1.2191603500000001, 1.2294747, 1.2397890500000002, 1.2501034, 1.26041775, 1.2707321, 1.28104645, 1.2913608, 1.3016751500000001, 1.3119895000000001, 1.32230385, 1.3326182000000002, 1.34293255, 1.3532469, 1.36356125, 1.3738756, 1.3841899500000001, 1.3945043, 1.4048186500000002, 1.415133, 1.4254473500000002, 1.4357617, 1.44607605, 1.4563904, 1.4667047500000001, 1.4770191000000001, 1.48733345, 1.4976478000000002, 1.50796215, 1.5182765000000003, 1.52859085, 1.5389052, 1.5492195500000001, 1.5595339000000001, 1.5698482500000002, 1.5801626, 1.5904769500000002, 1.6007913, 1.61110565, 1.62142, 1.6317343500000001, 1.6420487000000001, 1.6523630500000002, 1.6626774000000002, 1.67299175, 1.6833061000000002, 1.69362045, 1.7039348, 1.71424915, 1.7245635000000001, 1.7348778500000002, 1.7451922, 1.7555065500000002, 1.7658209, 1.7761352500000003, 1.7864496, 1.7967639500000003, 1.8070783000000001, 1.81739265, 1.827707]}}, "Datapoints": 10, "RuleParameters": "min_threshold:70\nmax_threshold:200"}