{"RuleTriggered": 0, "Violations": 25, "Details": {"low_gpu_utilization": 1112, "bottlenecks": {"1681512830.500286": {"GPUs": 1, "CPUs": 1}, "1681512831.500307": {"GPUs": 1, "CPUs": 1}, "1681512835.000273": {"GPUs": 1, "CPUs": 1}, "1681512993.500299": {"GPUs": 1, "CPUs": 1}, "1681512997.000282": {"GPUs": 1, "CPUs": 1}, "1681512997.500285": {"GPUs": 1, "CPUs": 1}, "1681512998.000291": {"GPUs": 1, "CPUs": 1}, "1681513029.500274": {"GPUs": 1, "CPUs": 1}, "1681513036.000283": {"GPUs": 1, "CPUs": 1}, "1681513036.500294": {"GPUs": 1, "CPUs": 1}, "1681513041.000277": {"GPUs": 1, "CPUs": 2}, "1681513041.5003": {"GPUs": 1, "CPUs": 1}, "1681513043.000274": {"GPUs": 1, "CPUs": 1}, "1681513044.500288": {"GPUs": 1, "CPUs": 1}, "1681513046.000298": {"GPUs": 1, "CPUs": 1}, "1681513055.000289": {"GPUs": 1, "CPUs": 1}, "1681513055.500275": {"GPUs": 1, "CPUs": 1}, "1681513056.00026": {"GPUs": 1, "CPUs": 1}, "1681513056.500299": {"GPUs": 1, "CPUs": 1}, "1681513057.000309": {"GPUs": 1, "CPUs": 1}, "1681513058.000286": {"GPUs": 1, "CPUs": 1}, "1681513058.50026": {"GPUs": 1, "CPUs": 1}, "1681513059.500287": {"GPUs": 1, "CPUs": 1}, "1681513205.000289": {"GPUs": 1, "CPUs": 1}, "1681513205.500292": {"GPUs": 1, "CPUs": 1}}}, "Datapoints": 1292, "RuleParameters": "threshold:50\nio_threshold:50\ngpu_threshold:10\npatience:1000"}