{"RuleTriggered": 0, "Violations": 0, "Details": {"step_num": {"first": 1681513038719791, "last": 1681513340367988}, "job_start": 1681512735.000244, "job_end": 1681513379.500578}, "Datapoints": 240, "RuleParameters": "threshold:20"}