{"RuleTriggered": 0, "Violations": 0, "Details": {"ratio": {"gpu_functions-dev:0": 51.217661416866754, "cpu_functions": 48.782338583133246}, "phase": {"Step:ModeKeys.TRAIN": 29.26228689945971, "others": 60.449248231743915, "Step:ModeKeys.EVAL": 10.288464868796373}, "phase_time": {}, "CPU": {"aten::conv2d": 16.78275026965498, "aten::convolution": 16.70284658770043, "aten::_convolution": 16.6657479910766, "aten::cudnn_convolution": 16.644459174640694, "aten::to": 3.703503833591966, "aten::copy_": 3.790608953882492, "aten::linear": 2.420136351512514, "aten::addmm": 2.4072009100593, "enumerate(DataLoader)#_SingleProcessDataLoaderIter.__next__": 20.88274592788103}, "CPU_total": {"aten::conv2d": 9149433, "aten::convolution": 9105872, "aten::_convolution": 9085647, "aten::cudnn_convolution": 9074041, "aten::to": 2019035, "aten::copy_": 2066522, "aten::linear": 1319383, "aten::addmm": 1312331, "enumerate(DataLoader)#_SingleProcessDataLoaderIter.__next__": 11384623}, "GPU": {"aten::conv2d": 17.16783894278273, "aten::convolution": 17.155906005505013, "aten::_convolution": 17.15240579396897, "aten::cudnn_convolution": 17.14217831243718, "aten::to": 3.4283355063594416, "aten::copy_": 3.5207137756034173, "aten::linear": 2.24907239141351, "aten::addmm": 2.248837759924851, "enumerate(DataLoader)#_SingleProcessDataLoaderIter.__next__": 19.934711512004885}, "GPU_total": {"aten::conv2d": 9804696, "aten::convolution": 9797881, "aten::_convolution": 9795882, "aten::cudnn_convolution": 9790041, "aten::to": 1957951, "aten::copy_": 2010709, "aten::linear": 1284464, "aten::addmm": 1284330, "enumerate(DataLoader)#_SingleProcessDataLoaderIter.__next__": 11384880}, "general": {"DataLoaderIterInitialize": 0.0010266693163497836, "DataLoaderIter": 13.447251944910748, "Forward": 86.55172138577291}}, "Datapoints": 0, "RuleParameters": ""}