{"RuleTriggered": 0, "Violations": 0, "Details": {"step_details": {"algo-1-27": {"step_stats": {"mean": 0.2563022369668247, "max": 20.008081, "p99": 3.1865236000000015, "p95": 1.82824, "p50": 0.024982, "min": 0.022702}, "number_of_outliers": 1, "phase": "Step:ModeKeys.TRAIN", "stddev": 1.49, "probs": [199, 0, 0, 0, 0, 0, 0, 0, 0, 0, 0, 0, 0, 0, 0, 0, 0, 0, 0, 0, 0, 0, 0, 0, 0, 0, 0, 0, 0, 0, 0, 0, 0, 0, 0, 1, 0, 0, 0, 0, 0, 0, 0, 0, 0, 0, 0, 0, 0, 0, 0, 0, 0, 0, 0, 0, 0, 0, 0, 0, 0, 0, 0, 0, 0, 0, 0, 0, 0, 0, 0, 0, 0, 0, 0, 2, 1, 1, 0, 0, 1, 0, 0, 1, 0, 0, 0, 0, 1, 0, 1, 0, 0, 0, 0, 0, 0, 1, 0, 1], "binedges": [0.022702, 0.055291850000000003, 0.08788170000000001, 0.12047155000000001, 0.15306140000000001, 0.18565125000000002, 0.21824110000000002, 0.25083095, 0.28342080000000003, 0.31601065000000006, 0.34860050000000004, 0.38119035, 0.41378020000000004, 0.4463700500000001, 0.47895990000000005, 0.51154975, 0.5441396000000001, 0.5767294500000001, 0.6093193000000001, 0.64190915, 0.6744990000000001, 0.7070888500000001, 0.7396787, 0.77226855, 0.8048584000000001, 0.8374482500000001, 0.8700381000000001, 0.9026279500000001, 0.9352178000000001, 0.9678076500000001, 1.0003975, 1.0329873500000002, 1.0655772000000001, 1.09816705, 1.1307569000000002, 1.16334675, 1.1959366000000002, 1.2285264500000002, 1.2611163, 1.2937061500000002, 1.3262960000000001, 1.35888585, 1.3914757000000002, 1.4240655500000001, 1.4566554, 1.4892452500000002, 1.5218351, 1.5544249500000002, 1.5870148000000002, 1.61960465, 1.6521945000000002, 1.6847843500000002, 1.7173742000000003, 1.7499640500000002, 1.7825539000000001, 1.8151437500000003, 1.8477336000000002, 1.8803234500000001, 1.9129133000000003, 1.9455031500000002, 1.978093, 2.0106828500000002, 2.0432727, 2.07586255, 2.1084524, 2.14104225, 2.1736321, 2.2062219500000007, 2.2388118000000006, 2.2714016500000005, 2.3039915000000004, 2.3365813500000003, 2.3691712000000003, 2.40176105, 2.4343509, 2.46694075, 2.4995306, 2.53212045, 2.5647103000000007, 2.5973001500000006, 2.6298900000000005, 2.6624798500000004, 2.6950697000000003, 2.7276595500000003, 2.7602494, 2.79283925, 2.8254291, 2.85801895, 2.8906088, 2.9231986500000007, 2.9557885000000006, 2.9883783500000005, 3.0209682000000004, 3.0535580500000004, 3.0861479000000003, 3.11873775, 3.1513276, 3.18391745, 3.2165073, 3.2490971500000008, 3.281687], "step_numbers": ["0"]}}}, "Datapoints": 240, "RuleParameters": "threshold:3\nmode:None\nn_outliers:10\nstddev:3"}